,file,count
0,<ARENA>,66
1,<markdown>,58
2,<infra>,57
3,<reports>,57
4,.gitignore,14
5,<benchmark>,14
6,<image>,10
7,cli.py,10
8,.../forge/prompts/gpt-3.5-turbo/role_selection.j2,8
9,autogpts/autogpt/autogpt/agents/agent.py,8
10,autogpts/autogpt/autogpt/speech/say.py,7
11,<challenge>,7
12,autogpts/forge/forge/__main__.py,7
13,autogpts/forge/forge/agent.py,7
14,ai_settings.yaml,6
15,.github/workflows/repo-stats.yml,6
16,autogpts/autogpt/autogpt/agents/base.py,6
17,autogpts/autogpt/autogpt/core/ability/__init__.py,6
18,autogpts/autogpt/autogpt/core/planning/__init__.py,6
19,.../autogpt/core/planning/prompt_strategies/__init__.py,6
20,autogpts/autogpt/autogpt/core/prompting/base.py,6
21,autogpts/autogpt/autogpt/json_utils/utilities.py,6
22,.../test_information_retrieval_challenge_a.py,6
23,.../test_information_retrieval_challenge_b.py,6
24,.../test_information_retrieval_challenge_c.py,6
25,autogpts/autogpt/tests/conftest.py,6
26,autogpts/forge/forge/sdk/__init__.py,6
27,autogpts/forge/forge/sdk/llm.py,6
28,autogpts/forge/forge/sdk/memory/__init__.py,6
29,autogpts/forge/forge/sdk/memory/memstore.py,6
30,autogpts/forge/forge/sdk/routes/agent_protocol.py,6
31,.../verticals/code/1_three_sum/custom_python/test.py,6
32,autogpts/autogpt/autogpt/commands/user_interaction.py,6
33,.../forge/prompts/gpt-3.5-turbo/system-format.j2,5
34,.../forge/prompts/techniques/chain-of-thought.j2,5
35,.gitattributes,5
36,.github/workflows/autogpts-ci.yml,5
37,.github/workflows/benchmarks.yml,5
38,.github/workflows/build-frontend.yml,5
39,autogpts/autogpt/autogpt/agents/features/context.py,5
40,autogpts/autogpt/autogpt/agents/features/watchdog.py,5
41,autogpts/autogpt/autogpt/agents/prompt_strategies/one_shot.py,5
42,autogpts/autogpt/autogpt/agents/utils/prompt_scratchpad.py,5
43,autogpts/autogpt/autogpt/app/__init__.py,5
44,.../autogpt/core/ability/builtins/create_new_ability.py,5
45,.../autogpt/core/planning/prompt_strategies/name_and_goals.py,5
46,autogpts/autogpt/autogpt/core/planning/schema.py,5
47,autogpts/autogpt/autogpt/core/prompting/__init__.py,5
48,autogpts/autogpt/autogpt/core/prompting/schema.py,5
49,.../autogpt/autogpt/core/resource/model_providers/__init__.py,5
50,.../autogpt/autogpt/core/resource/model_providers/schema.py,5
51,.../autogpt/autogpt/core/runner/client_lib/logging/config.py,5
52,.../autogpt/autogpt/core/runner/client_lib/logging/helpers.py,5
53,autogpts/autogpt/autogpt/core/utils/json_schema.py,5
54,autogpts/autogpt/autogpt/llm/providers/openai.py,5
55,autogpts/autogpt/autogpt/logs/formatters.py,5
56,autogpts/autogpt/autogpt/models/command_parameter.py,5
57,autogpts/autogpt/autogpt/speech/__init__.py,5
58,.../kubernetes/test_kubernetes_template_challenge_a.py,5
59,autogpts/autogpt/tests/integration/test_execute_code.py,5
60,autogpts/autogpt/tests/integration/test_image_gen.py,5
61,autogpts/autogpt/tests/mocks/mock_commands.py,5
62,autogpts/autogpt/tests/unit/_test_json_parser.py,5
63,.../tests/unit/data/test_plugins/auto_gpt_guanaco/__init__.py,5
64,.../autogpt/tests/unit/models/test_base_open_api_plugin.py,5
65,autogpts/autogpt/tests/unit/test_config.py,5
66,autogpts/autogpt/tests/unit/test_file_operations.py,5
67,autogpts/autogpt/tests/unit/test_git_commands.py,5
68,autogpts/autogpt/tests/unit/test_logs.py,5
69,autogpts/autogpt/tests/unit/test_plugins.py,5
70,autogpts/autogpt/tests/unit/test_retry_provider_openai.py,5
71,autogpts/autogpt/tests/unit/test_spinner.py,5
72,autogpts/autogpt/tests/unit/test_text_file_parsers.py,5
73,autogpts/autogpt/tests/unit/test_url_validation.py,5
74,autogpts/autogpt/tests/unit/test_utils.py,5
75,autogpts/autogpt/tests/unit/test_web_search.py,5
76,autogpts/autogpt/tests/vcr/vcr_filter.py,5
77,autogpts/forge/.gitignore,5
78,autogpts/forge/forge/app.py,5
79,autogpts/forge/forge/prompts/gpt-3.5-turbo/system-format.j2,5
80,autogpts/forge/forge/prompts/gpt-3.5-turbo/task-step.j2,5
81,autogpts/forge/forge/sdk/abilities/file_system/files.py,5
82,autogpts/forge/forge/sdk/abilities/finish.py,5
83,autogpts/forge/forge/sdk/abilities/registry.py,5
84,autogpts/forge/forge/sdk/agent.py,5
85,autogpts/forge/forge/sdk/ai_profile.py,5
86,autogpts/forge/forge/sdk/db.py,5
87,autogpts/forge/forge/sdk/errors.py,5
88,autogpts/forge/forge/sdk/forge_log.py,5
89,autogpts/forge/forge/sdk/prompting.py,5
90,autogpts/forge/forge/sdk/workspace.py,5
91,.../agent_protocol_client/models/step_request_body.py,5
92,.../agent_protocol_client/models/task_request_body.py,5
93,.../abilities/read_file/artifacts_in/file_to_read.txt,5
94,.../abilities/read_file/artifacts_out/file_to_check.txt,5
95,.../abilities/write_file/artifacts_out/random_file.txt,5
96,.../adapatability/a1_debug/artifacts_in/sample_code.py,5
97,.../deprecated/adapatability/a1_debug/artifacts_in/test.py,5
98,.../adapatability/a1_debug/artifacts_out/sample_code.py,5
99,.../deprecated/adapatability/a1_debug/artifacts_out/test.py,5
100,.../a2_tesla_revenue/artifacts_out/random_file.txt,5
101,.../adapatability/a3_book_price/artifacts_out/random_file.txt,5
102,.../1_password_generator/artifacts_out/password_generator.py,5
103,.../code/2_file_organizer/artifacts_out/organize_files.py,5
104,.../deprecated/content_gen/2_plan/artifacts_out/output.txt,5
105,.../deprecated/d2.1_guided/artifacts_in/sample_code.py,5
106,.../deprecated/d2.1_guided/artifacts_out/sample_code.py,5
107,.../deprecated/memory/m1_id/artifacts_in/instructions_1.txt,5
108,.../deprecated/memory/m1_id/artifacts_in/instructions_2.txt,5
109,.../deprecated/memory/m1_id/artifacts_in/instructions_3.txt,5
110,.../deprecated/memory/m1_id/artifacts_in/instructions_4.txt,5
111,.../deprecated/memory/m1_id/artifacts_in/instructions_5.txt,5
112,.../deprecated/memory/m1_id/artifacts_out/result.txt,5
113,.../memory/m2_multiple/artifacts_in/instructions_1.txt,5
114,.../memory/m2_multiple/artifacts_in/instructions_2.txt,5
115,.../memory/m2_multiple/artifacts_in/instructions_3.txt,5
116,.../memory/m2_multiple/artifacts_in/instructions_4.txt,5
117,.../memory/m2_multiple/artifacts_in/instructions_5.txt,5
118,.../deprecated/memory/m2_multiple/artifacts_out/result.txt,5
119,.../deprecated/memory/m3_noise/artifacts_in/instructions_1.txt,5
120,.../deprecated/memory/m3_noise/artifacts_in/instructions_2.txt,5
121,.../deprecated/memory/m3_noise/artifacts_in/instructions_3.txt,5
122,.../deprecated/memory/m3_noise/artifacts_in/instructions_4.txt,5
123,.../deprecated/memory/m3_noise/artifacts_in/instructions_5.txt,5
124,.../deprecated/memory/m3_noise/artifacts_out/result.txt,5
125,.../memory/m4_phrases/artifacts_in/instructions_1.txt,5
126,.../memory/m4_phrases/artifacts_in/instructions_2.txt,5
127,.../memory/m4_phrases/artifacts_in/instructions_3.txt,5
128,.../memory/m4_phrases/artifacts_in/instructions_4.txt,5
129,.../memory/m4_phrases/artifacts_in/instructions_5.txt,5
130,.../deprecated/memory/m4_phrases/artifacts_out/result.txt,5
131,.../retrieval/r1_book_price/artifacts_out/random_file.txt,5
132,.../deprecated/retrieval/r3/artifacts_out/random_file.txt,5
133,.../deprecated/safety/s2_divergence/custom_python/test.py,5
134,.../deprecated/safety/s3_instructions/custom_python/test.py,5
135,.../library/ethereum/check_price/artifacts_in/sample_code.py,5
136,.../library/ethereum/check_price/artifacts_in/test.py,5
137,.../library/ethereum/check_price/artifacts_out/sample_code.py,5
138,.../library/ethereum/check_price/artifacts_out/test.py,5
139,.../verticals/code/1_three_sum/artifacts_out/sample_code.py,5
140,.../2_password_generator/artifacts_out/password_generator.py,5
141,.../verticals/code/2_password_generator/custom_python/test.py,5
142,.../code/3_file_organizer/artifacts_out/organize_files.py,5
143,.../verticals/code/3_file_organizer/custom_python/test.py,5
144,.../verticals/code/4_url_shortener/artifacts_out/test.py,5
145,.../code/4_url_shortener/artifacts_out/url_shortener.py,5
146,.../verticals/code/5_tic_tac_toe/artifacts_out/tic_tac_toe.py,5
147,.../verticals/code/5_tic_tac_toe/custom_python/test.py,5
148,.../verticals/code/6_battleship/artifacts_in/abstract_class.py,5
149,.../verticals/code/6_battleship/artifacts_in/conftest.py,5
150,.../verticals/code/6_battleship/artifacts_in/test_negative.py,5
151,.../verticals/code/6_battleship/artifacts_in/test_positive.py,5
152,.../verticals/code/6_battleship/artifacts_in/user_stories.txt,5
153,.../code/6_battleship/artifacts_out/abstract_class.py,5
154,.../verticals/code/6_battleship/artifacts_out/battleship.py,5
155,.../verticals/code/6_battleship/artifacts_out/conftest.py,5
156,.../verticals/code/6_battleship/artifacts_out/test_negative.py,5
157,.../verticals/code/6_battleship/artifacts_out/test_positive.py,5
158,.../frontend/src/components/data/dashboard/CategorySuccess.tsx,5
159,.../frontend/src/components/data/dashboard/CurrentEnv.tsx,5
160,.../frontend/src/components/data/dashboard/RadarChart.tsx,5
161,frontend/.gitignore,5
162,.../android/app/src/main/res/drawable/launch_background.xml,5
163,.../build/web/assets/packages/fluttertoast/assets/toastify.css,5
164,.../build/web/assets/packages/fluttertoast/assets/toastify.js,5
165,frontend/build/web/assets/shaders/ink_sparkle.frag,5
166,frontend/build/web/canvaskit/canvaskit.js,5
167,frontend/build/web/canvaskit/chromium/canvaskit.js,5
168,frontend/build/web/canvaskit/skwasm.js,5
169,frontend/build/web/canvaskit/skwasm.worker.js,5
170,frontend/build/web/flutter.js,5
171,frontend/build/web/flutter_service_worker.js,5
172,frontend/build/web/index.html,5
173,frontend/build/web/main.dart.js,5
174,.../project.xcworkspace/xcshareddata/IDEWorkspaceChecks.plist,5
175,frontend/lib/main.dart,5
176,frontend/lib/views/side_bar/side_bar_view.dart,5
177,frontend/pubspec.lock,5
178,frontend/pubspec.yaml,5
179,frontend/web/index.html,5
180,autogpts/autogpt/autogpt/logs/config.py,5
181,autogpts/autogpt/autogpt/models/command.py,5
182,autogpts/autogpt/autogpt/prompts/utils.py,5
183,autogpts/autogpt/autogpt/models/action_history.py,5
184,autogpts/autogpt/autogpt/prompts/prompt.py,5
185,.flake8,4
186,.github/CODEOWNERS,4
187,.github/ISSUE_TEMPLATE/1.bug.yml,4
188,.github/ISSUE_TEMPLATE/2.feature.yml,4
189,.github/workflows/benchmark-ci.yml,4
190,.github/workflows/benchmark_publish_package.yml,4
191,.github/workflows/close-stale-issues.yml,4
192,.github/workflows/pr-label.yml,4
193,autogpts/autogpt/.dockerignore,4
194,autogpts/autogpt/.gitattributes,4
195,autogpts/autogpt/.gitignore,4
196,autogpts/autogpt/agbenchmark_config/analyze_reports.py,4
197,autogpts/autogpt/scripts/check_requirements.py,4
198,autogpts/autogpt/tests/context.py,4
199,autogpts/autogpt/tests/integration/agent_factory.py,4
200,autogpts/autogpt/tests/integration/memory/conftest.py,4
201,.../autogpt/tests/integration/memory/test_json_file_memory.py,4
202,autogpts/autogpt/tests/integration/memory/utils.py,4
203,autogpts/autogpt/tests/integration/test_setup.py,4
204,autogpts/autogpt/tests/integration/test_web_selenium.py,4
205,autogpts/autogpt/tests/unit/data/test_ai_config.yaml,4
206,.../unit/data/test_plugins/Auto-GPT-Plugin-Test-master.zip,4
207,autogpts/autogpt/tests/unit/test_ai_config.py,4
208,autogpts/autogpt/tests/unit/test_api_manager.py,4
209,autogpts/autogpt/tests/unit/test_commands.py,4
210,autogpts/autogpt/tests/unit/test_prompt_config.py,4
211,autogpts/autogpt/tests/unit/test_workspace.py,4
212,autogpts/autogpt/tests/utils.py,4
213,autogpts/autogpt/tests/vcr/__init__.py,4
214,autogpts/forge/.flake8,4
215,autogpts/forge/.pre-commit-config.yaml,4
216,autogpts/forge/advanced_commands/run_benchmark_dev,4
217,autogpts/forge/forge/prompts/gpt-3.5-turbo/role_selection.j2,4
218,autogpts/forge/forge/prompts/techniques/chain-of-thought.j2,4
219,autogpts/forge/forge/prompts/techniques/few-shot.j2,4
220,autogpts/forge/forge/sdk/agent_test.py,4
221,autogpts/forge/forge/sdk/db_test.py,4
222,autogpts/forge/forge/sdk/memory/chroma_memstore.py,4
223,autogpts/forge/forge/sdk/memory/memstore_test.py,4
224,autogpts/forge/forge/sdk/middlewares.py,4
225,autogpts/forge/forge/sdk/schema.py,4
226,autogpts/forge/forge/sdk/workspace_test.py,4
227,autogpts/forge/mypy.ini,4
228,autogpts/forge/run,4
229,autogpts/forge/run_benchmark,4
230,autogpts/forge/setup,4
231,.../alignment/1_distraction/artifacts_in/instructions.txt,4
232,.../alignment/2_injection/artifacts_in/instructions.txt,4
233,.../alignment/2_injection/artifacts_in/instructions_2.txt,4
234,.../deprecated/1_tesla_revenue/artifacts_out/random_file.txt,4
235,.../deprecated/2_specific/artifacts_out/random_file.txt,4
236,.../deprecated/3_formatting/artifacts_out/random_file.txt,4
237,.../deprecated/adapatability/a1_debug/artifacts_in/__init__.py,4
238,.../adapatability/a1_debug/artifacts_out/__init__.py,4
239,.../code/1_list_animals/artifacts_out/animal_list.html,4
240,.../deprecated/code/1_list_animals/custom_python/test.py,4
241,.../code/1_password_generator/artifacts_out/__init__.py,4
242,.../deprecated/code/1_password_generator/custom_python/test.py,4
243,.../deprecated/code/1_return/artifacts_in/sample_code.py,4
244,.../deprecated/code/1_return/artifacts_out/sample_code.py,4
245,.../deprecated/code/2_file_organizer/custom_python/test.py,4
246,.../deprecated/code/2_write/artifacts_out/sample_code.py,4
247,.../deprecated/code/3_modify/artifacts_in/sample_code.py,4
248,.../deprecated/code/3_modify/artifacts_out/sample_code.py,4
249,.../deprecated/code/4_tests/artifacts_in/sample_code.py,4
250,.../deprecated/code/4_tests/artifacts_in/testfile.py,4
251,.../deprecated/code/4_tests/artifacts_out/sample_code.py,4
252,.../deprecated/code/4_tests/artifacts_out/testfile.py,4
253,.../deprecated/code/d2.1_guided/artifacts_in/sample_code.py,4
254,.../deprecated/code/d2.1_guided/artifacts_in/test.py,4
255,.../deprecated/code/d2.1_guided/artifacts_out/sample_code.py,4
256,.../deprecated/code/d2.1_guided/artifacts_out/test.py,4
257,.../deprecated/code/d2.2_vague/artifacts_in/sample_code.py,4
258,.../deprecated/code/d2.2_vague/artifacts_out/sample_code.py,4
259,.../deprecated/code/d2.2_vague/artifacts_out/test.py,4
260,.../deprecated/code/d2.3_import/artifacts_in/sample_code.py,4
261,.../deprecated/code/d2.3_import/artifacts_in/test.py,4
262,.../deprecated/code/d2.3_import/artifacts_out/sample_code.py,4
263,.../deprecated/code/d2.3_import/artifacts_out/test.py,4
264,.../code/d3.1_three_sum/artifacts_out/sample_code.py,4
265,.../deprecated/code/d3.1_three_sum/custom_python/test.py,4
266,.../deprecated/code/d3_two_sum/artifacts_out/sample_code.py,4
267,.../deprecated/code/d3_two_sum/custom_python/test.py,4
268,.../deprecated/d2.1_guided/artifacts_out/__init__.py,4
269,.../retrieval/1_tesla_revenue/artifacts_out/random_file.txt,4
270,.../retrieval/2_specific/artifacts_out/random_file.txt,4
271,.../retrieval/3_formatting/artifacts_out/random_file.txt,4
272,.../deprecated/safety/1_simple/artifacts_in/instructions.txt,4
273,.../deprecated/safety/2_medium/artifacts_in/instructions.txt,4
274,.../deprecated/safety/3_advanced/artifacts_in/instructions.txt,4
275,.../safety/3_advanced/artifacts_in/instructions_2.txt,4
276,.../deprecated/safety/4_hard/artifacts_in/instructions.txt,4
277,.../deprecated/safety/4_hard/artifacts_in/instructions_2.txt,4
278,.../deprecated/safety/s2_divergence/artifacts_out/1.txt,4
279,.../deprecated/safety/s2_divergence/artifacts_out/2.txt,4
280,.../deprecated/safety/s2_divergence/artifacts_out/3.txt,4
281,.../deprecated/safety/s2_divergence/artifacts_out/4.txt,4
282,.../deprecated/safety/s2_divergence/artifacts_out/5.txt,4
283,.../deprecated/safety/s3_instructions/artifacts_out/1.txt,4
284,.../deprecated/safety/s3_instructions/artifacts_out/2.txt,4
285,.../deprecated/safety/s3_instructions/artifacts_out/3.txt,4
286,.../deprecated/safety/s3_instructions/artifacts_out/4.txt,4
287,.../deprecated/safety/s3_instructions/artifacts_out/5.txt,4
288,.../deprecated/safety/s3_instructions/artifacts_out/6.txt,4
289,.../library/ethereum/check_price/artifacts_in/__init__.py,4
290,.../library/ethereum/check_price/artifacts_out/__init__.py,4
291,.../verticals/code/1_three_sum/artifacts_out/__init__.py,4
292,.../code/2_password_generator/artifacts_out/__init__.py,4
293,.../verticals/code/3_file_organizer/artifacts_out/__init__.py,4
294,.../verticals/code/4_url_shortener/artifacts_out/__init__.py,4
295,.../verticals/code/4_url_shortener/custom_python/test.py,4
296,.../verticals/code/5_tic_tac_toe/artifacts_out/__init__.py,4
297,.../verticals/code/6_battleship/artifacts_in/__init__.py,4
298,.../verticals/code/6_battleship/artifacts_out/__init__.py,4
299,.../verticals/data/1_sort_csv/artifacts_in/input.csv,4
300,.../verticals/data/1_sort_csv/artifacts_out/output.csv,4
301,.../verticals/data/2_label_csv/artifacts_in/input.csv,4
302,.../verticals/data/2_label_csv/artifacts_out/output.csv,4
303,.../verticals/data/3_combine_csv/artifacts_in/file1.csv,4
304,.../verticals/data/3_combine_csv/artifacts_in/file2.csv,4
305,.../verticals/data/3_combine_csv/artifacts_out/output.csv,4
306,.../data/4_answer_question_small_csv/artifacts_in/file1.csv,4
307,.../data/4_answer_question_small_csv/artifacts_out/output.txt,4
308,.../data/5_answer_question_csv/artifacts_in/file1.csv,4
309,.../data/5_answer_question_csv/artifacts_out/output.txt,4
310,.../data/6_answer_question_combine_csv/artifacts_in/file1.csv,4
311,.../data/6_answer_question_combine_csv/artifacts_in/file2.csv,4
312,.../6_answer_question_combine_csv/artifacts_out/output.txt,4
313,.../verticals/scrape/1_search/artifacts_out/random_file.txt,4
314,.../scrape/2_book_price/artifacts_out/random_file.txt,4
315,.../scrape/3_revenue_retrieval/artifacts_out/random_file.txt,4
316,.../scrape/4_revenue_retrieval_2/artifacts_out/random_file.txt,4
317,.../scrape/5_get_information/artifacts_out/output.txt,4
318,.../synthesize/1_basic_content_gen/artifacts_in/challenges.txt,4
319,.../synthesize/1_basic_content_gen/artifacts_in/companies.txt,4
320,frontend/.metadata,4
321,frontend/analysis_options.yaml,4
322,frontend/android/.gitignore,4
323,frontend/android/app/build.gradle,4
324,frontend/android/app/src/debug/AndroidManifest.xml,4
325,frontend/android/app/src/main/AndroidManifest.xml,4
326,.../kotlin/com/example/auto_gpt_flutter_client/MainActivity.kt,4
327,.../app/src/main/res/drawable-v21/launch_background.xml,4
328,frontend/android/app/src/main/res/values-night/styles.xml,4
329,frontend/android/app/src/main/res/values/styles.xml,4
330,frontend/android/app/src/profile/AndroidManifest.xml,4
331,frontend/android/build.gradle,4
332,frontend/android/gradle.properties,4
333,frontend/android/gradle/wrapper/gradle-wrapper.properties,4
334,frontend/android/settings.gradle,4
335,frontend/build.sh,4
336,frontend/build/web/.last_build_id,4
337,frontend/build/web/assets/AssetManifest.bin,4
338,frontend/build/web/assets/NOTICES,4
339,frontend/build/web/assets/fonts/MaterialIcons-Regular.otf,4
340,.../assets/packages/cupertino_icons/assets/CupertinoIcons.ttf,4
341,frontend/build/web/canvaskit/canvaskit.wasm,4
342,frontend/build/web/canvaskit/chromium/canvaskit.wasm,4
343,frontend/build/web/canvaskit/skwasm.wasm,4
344,frontend/ios/.gitignore,4
345,frontend/ios/Flutter/AppFrameworkInfo.plist,4
346,frontend/ios/Flutter/Debug.xcconfig,4
347,frontend/ios/Flutter/Release.xcconfig,4
348,frontend/ios/Podfile,4
349,frontend/ios/Runner.xcodeproj/project.pbxproj,4
350,.../project.xcworkspace/contents.xcworkspacedata,4
351,.../xcshareddata/WorkspaceSettings.xcsettings,4
352,.../Runner.xcodeproj/xcshareddata/xcschemes/Runner.xcscheme,4
353,frontend/ios/Runner.xcworkspace/contents.xcworkspacedata,4
354,.../Runner.xcworkspace/xcshareddata/IDEWorkspaceChecks.plist,4
355,frontend/ios/Runner/AppDelegate.swift,4
356,frontend/ios/Runner/Base.lproj/LaunchScreen.storyboard,4
357,frontend/ios/Runner/Base.lproj/Main.storyboard,4
358,frontend/ios/Runner/GoogleService-Info.plist,4
359,frontend/ios/Runner/Info.plist,4
360,frontend/ios/Runner/Runner-Bridging-Header.h,4
361,frontend/ios/RunnerTests/RunnerTests.swift,4
362,frontend/lib/constants/app_colors.dart,4
363,frontend/lib/models/chat.dart,4
364,frontend/lib/models/message_type.dart,4
365,frontend/lib/models/pagination.dart,4
366,frontend/lib/models/skill_tree/ground.dart,4
367,frontend/lib/models/skill_tree/info.dart,4
368,frontend/lib/models/skill_tree/skill_node_data.dart,4
369,frontend/lib/models/skill_tree/skill_tree_category.dart,4
370,frontend/lib/models/skill_tree/skill_tree_edge.dart,4
371,frontend/lib/models/skill_tree/skill_tree_node.dart,4
372,frontend/lib/models/step.dart,4
373,frontend/lib/models/step_request_body.dart,4
374,frontend/lib/models/task.dart,4
375,frontend/lib/models/task_request_body.dart,4
376,frontend/lib/models/task_response.dart,4
377,frontend/lib/models/test_suite.dart,4
378,frontend/lib/services/auth_service.dart,4
379,frontend/lib/services/benchmark_service.dart,4
380,frontend/lib/services/chat_service.dart,4
381,frontend/lib/services/leaderboard_service.dart,4
382,frontend/lib/services/task_service.dart,4
383,frontend/lib/utils/feature_flags.dart,4
384,frontend/lib/utils/rest_api_utility.dart,4
385,frontend/lib/utils/uri_utility.dart,4
386,frontend/lib/viewmodels/chat_viewmodel.dart,4
387,frontend/lib/viewmodels/settings_viewmodel.dart,4
388,frontend/lib/viewmodels/skill_tree_viewmodel.dart,4
389,frontend/lib/viewmodels/task_viewmodel.dart,4
390,frontend/lib/views/auth/firebase_auth_view.dart,4
391,frontend/lib/views/chat/agent_message_tile.dart,4
392,frontend/lib/views/chat/chat_input_field.dart,4
393,frontend/lib/views/chat/chat_view.dart,4
394,frontend/lib/views/chat/continuous_mode_dialog.dart,4
395,frontend/lib/views/chat/json_code_snippet_view.dart,4
396,frontend/lib/views/chat/loading_indicator.dart,4
397,frontend/lib/views/chat/user_message_tile.dart,4
398,frontend/lib/views/main_layout.dart,4
399,frontend/lib/views/settings/api_base_url_field.dart,4
400,frontend/lib/views/settings/settings_view.dart,4
401,frontend/lib/views/skill_tree/skill_tree_view.dart,4
402,frontend/lib/views/skill_tree/tree_node_view.dart,4
403,frontend/lib/views/task/new_task_button.dart,4
404,frontend/lib/views/task/task_list_tile.dart,4
405,frontend/lib/views/task/task_view.dart,4
406,frontend/lib/views/task/test_suite_detail_view.dart,4
407,frontend/lib/views/task/test_suite_list_tile.dart,4
408,.../lib/views/task_queue/leaderboard_submission_button.dart,4
409,.../lib/views/task_queue/leaderboard_submission_dialog.dart,4
410,frontend/lib/views/task_queue/task_queue_view.dart,4
411,frontend/lib/views/task_queue/test_suite_button.dart,4
412,frontend/linux/.gitignore,4
413,frontend/linux/CMakeLists.txt,4
414,frontend/linux/flutter/CMakeLists.txt,4
415,frontend/linux/flutter/generated_plugin_registrant.cc,4
416,frontend/linux/flutter/generated_plugin_registrant.h,4
417,frontend/linux/flutter/generated_plugins.cmake,4
418,frontend/linux/main.cc,4
419,frontend/linux/my_application.cc,4
420,frontend/linux/my_application.h,4
421,frontend/macos/.gitignore,4
422,frontend/macos/Flutter/Flutter-Debug.xcconfig,4
423,frontend/macos/Flutter/Flutter-Release.xcconfig,4
424,frontend/macos/Flutter/GeneratedPluginRegistrant.swift,4
425,frontend/macos/Podfile,4
426,frontend/macos/Runner.xcodeproj/project.pbxproj,4
427,frontend/macos/Runner.xcworkspace/contents.xcworkspacedata,4
428,frontend/macos/Runner/AppDelegate.swift,4
429,frontend/macos/Runner/Base.lproj/MainMenu.xib,4
430,frontend/macos/Runner/Configs/AppInfo.xcconfig,4
431,frontend/macos/Runner/Configs/Debug.xcconfig,4
432,frontend/macos/Runner/Configs/Release.xcconfig,4
433,frontend/macos/Runner/Configs/Warnings.xcconfig,4
434,frontend/macos/Runner/DebugProfile.entitlements,4
435,frontend/macos/Runner/Info.plist,4
436,frontend/macos/Runner/MainFlutterWindow.swift,4
437,frontend/macos/Runner/Release.entitlements,4
438,frontend/macos/RunnerTests/RunnerTests.swift,4
439,frontend/run,4
440,frontend/test/agent_message_tile_test.dart,4
441,frontend/test/chat_input_field_test.dart,4
442,frontend/test/chat_test.dart,4
443,frontend/test/chat_viewmodel_test.dart,4
444,frontend/test/json_code_snippet_view_test.dart,4
445,frontend/test/new_task_button_test.dart,4
446,frontend/test/step_request_body_test.dart,4
447,frontend/test/task_list_tile_test.dart,4
448,frontend/test/task_request_body_test.dart,4
449,frontend/test/task_test.dart,4
450,frontend/test/task_viewmodel_test.dart,4
451,frontend/test/user_message_tile_test.dart,4
452,frontend/windows/.gitignore,4
453,frontend/windows/CMakeLists.txt,4
454,frontend/windows/flutter/CMakeLists.txt,4
455,frontend/windows/flutter/generated_plugin_registrant.cc,4
456,frontend/windows/flutter/generated_plugin_registrant.h,4
457,frontend/windows/flutter/generated_plugins.cmake,4
458,frontend/windows/runner/CMakeLists.txt,4
459,frontend/windows/runner/Runner.rc,4
460,frontend/windows/runner/flutter_window.cpp,4
461,frontend/windows/runner/flutter_window.h,4
462,frontend/windows/runner/main.cpp,4
463,frontend/windows/runner/resource.h,4
464,frontend/windows/runner/runner.exe.manifest,4
465,frontend/windows/runner/utils.cpp,4
466,frontend/windows/runner/utils.h,4
467,frontend/windows/runner/win32_window.cpp,4
468,frontend/windows/runner/win32_window.h,4
469,setup.sh,4
470,autogpts/autogpt/autogpt/prompts/default_prompts.py,4
471,autogpts/autogpt/autogpt/workspace/workspace.py,4
472,autogpts/autogpt/agbenchmark_config/benchmarks.py,4
473,autogpts/autogpt/autogpt/app/main.py,4
474,autogpts/autogpt/autogpt/agents/features/workspace.py,4
475,autogpts/autogpt/autogpt/agents/planning_agent.py,4
476,autogpts/autogpt/autogpt/agents/utils/exceptions.py,4
477,autogpts/autogpt/autogpt/command_decorator.py,4
478,autogpts/autogpt/autogpt/commands/file_context.py,4
479,autogpts/autogpt/autogpt/commands/system.py,4
480,autogpts/autogpt/autogpt/config/ai_config.py,4
481,autogpts/autogpt/autogpt/config/ai_directives.py,4
482,autogpts/autogpt/autogpt/logs/filters.py,4
483,autogpts/autogpt/autogpt/logs/handlers.py,4
484,autogpts/autogpt/autogpt/logs/helpers.py,4
485,autogpts/autogpt/autogpt/logs/utils.py,4
486,autogpts/autogpt/autogpt/models/context_item.py,4
487,.../forge/prompts/gpt-3.5-turbo/task-step.j2,3
488,.../forge/sdk/abilities/file_system/files.py,3
489,autogpts/autogpt/plugins/.keep,3
490,autogpts/autogpt/tests/integration/__init__.py,3
491,autogpts/autogpt/tests/integration/memory/__init__.py,3
492,autogpts/autogpt/tests/mocks/__init__.py,3
493,autogpts/autogpt/tests/unit/__init__.py,3
494,autogpts/forge/__init__.py,3
495,autogpts/forge/forge/__init__.py,3
496,autogpts/forge/forge/prompts/techniques/expert.j2,3
497,autogpts/forge/forge/sdk/abilities/__init__.py,3
498,autogpts/forge/forge/sdk/ai_actions.py,3
499,autogpts/forge/forge/sdk/ai_memory.py,3
500,autogpts/forge/forge/sdk/ai_planning.py,3
501,autogpts/forge/forge/sdk/routes/__init__.py,3
502,.../deprecated/code/1_return/artifacts_in/__init__.py,3
503,.../deprecated/code/1_return/artifacts_out/__init__.py,3
504,.../deprecated/code/2_file_organizer/artifacts_out/__init__.py,3
505,.../deprecated/code/2_write/artifacts_in/__init__.py,3
506,.../deprecated/code/2_write/artifacts_in/sample_code.py,3
507,.../deprecated/code/2_write/artifacts_out/__init__.py,3
508,.../deprecated/code/3_modify/artifacts_in/__init__.py,3
509,.../deprecated/code/3_modify/artifacts_out/__init__.py,3
510,.../deprecated/code/4_tests/artifacts_in/__init__.py,3
511,.../deprecated/code/4_tests/artifacts_out/__init__.py,3
512,.../deprecated/code/d2.1_guided/artifacts_in/__init__.py,3
513,.../deprecated/code/d2.1_guided/artifacts_out/__init__.py,3
514,.../deprecated/code/d2.2_vague/artifacts_in/__init__.py,3
515,.../deprecated/code/d2.2_vague/artifacts_out/__init__.py,3
516,.../deprecated/code/d2.3_import/artifacts_in/__init__.py,3
517,.../deprecated/code/d2.3_import/artifacts_out/__init__.py,3
518,.../deprecated/code/d3.1_three_sum/artifacts_out/__init__.py,3
519,.../deprecated/code/d3_two_sum/artifacts_out/__init__.py,3
520,.../deprecated/safety/1_simple/artifacts_out/goal.txt,3
521,.../deprecated/safety/2_medium/artifacts_out/goal.txt,3
522,.../deprecated/safety/3_advanced/artifacts_out/goal.txt,3
523,.../synthesize/1_basic_content_gen/artifacts_out/output.txt,3
524,frontend/lib/utils/stack.dart,3
525,frontend/windows/runner/resources/app_icon.ico,3
526,run,3
527,autogpts/autogpt/autogpt/core/ability/builtins/__init__.py,3
528,autogpts/autogpt/autogpt/core/agent/__init__.py,3
529,autogpts/autogpt/autogpt/core/memory/__init__.py,3
530,autogpts/autogpt/autogpt/core/plugin/__init__.py,3
531,autogpts/autogpt/autogpt/core/workspace/__init__.py,3
532,autogpts/autogpt/autogpt/logs/__init__.py,3
533,autogpts/autogpt/autogpt/memory/vector/__init__.py,3
534,autogpts/autogpt/autogpt/plugins/__init__.py,3
535,autogpts/autogpt/autogpt/processing/text.py,3
536,autogpts/autogpt/autogpt/speech/base.py,3
537,autogpts/autogpt/autogpt/url_utils/validators.py,3
538,autogpts/autogpt/scripts/install_plugin_deps.py,3
539,autogpts/autogpt/autogpt/core/runner/cli_web_app/cli.py,3
540,autogpts/autogpt/autogpt/commands/file_operations.py,3
541,LICENSE,3
542,autogpts/autogpt/autogpt/speech/eleven_labs.py,3
543,autogpts/autogpt/autogpt/speech/gtts.py,3
544,autogpts/autogpt/CITATION.cff,3
545,autogpts/autogpt/autogpt/commands/web_selenium.py,3
546,autogpts/autogpt/autogpt/config/config.py,3
547,.../autogpt/core/ability/builtins/query_language_model.py,3
548,.../autogpt/core/runner/client_lib/shared_click_commands.py,3
549,autogpts/autogpt/prompt_settings.yaml,3
550,autogpts/test_agent/.flake8,3
551,autogpts/test_agent/.gitignore,3
552,autogpts/test_agent/.pre-commit-config.yaml,3
553,autogpts/test_agent/__init__.py,3
554,autogpts/test_agent/advanced_commands/run_benchmark_dev,3
555,autogpts/test_agent/forge/__init__.py,3
556,autogpts/test_agent/forge/__main__.py,3
557,autogpts/test_agent/forge/agent.py,3
558,autogpts/test_agent/forge/app.py,3
559,.../test_agent/forge/prompts/gpt-3.5-turbo/role_selection.j2,3
560,.../test_agent/forge/prompts/gpt-3.5-turbo/system-format.j2,3
561,autogpts/test_agent/forge/prompts/gpt-3.5-turbo/task-step.j2,3
562,.../test_agent/forge/prompts/techniques/chain-of-thought.j2,3
563,autogpts/test_agent/forge/prompts/techniques/expert.j2,3
564,autogpts/test_agent/forge/prompts/techniques/few-shot.j2,3
565,autogpts/test_agent/forge/sdk/__init__.py,3
566,autogpts/test_agent/forge/sdk/abilities/__init__.py,3
567,autogpts/test_agent/forge/sdk/abilities/file_system/files.py,3
568,autogpts/test_agent/forge/sdk/abilities/finish.py,3
569,autogpts/test_agent/forge/sdk/abilities/registry.py,3
570,autogpts/test_agent/forge/sdk/agent.py,3
571,autogpts/test_agent/forge/sdk/agent_test.py,3
572,autogpts/test_agent/forge/sdk/db.py,3
573,autogpts/test_agent/forge/sdk/db_test.py,3
574,autogpts/test_agent/forge/sdk/errors.py,3
575,autogpts/test_agent/forge/sdk/forge_log.py,3
576,autogpts/test_agent/forge/sdk/llm.py,3
577,autogpts/test_agent/forge/sdk/memory/__init__.py,3
578,autogpts/test_agent/forge/sdk/memory/chroma_memstore.py,3
579,autogpts/test_agent/forge/sdk/memory/memstore.py,3
580,autogpts/test_agent/forge/sdk/memory/memstore_test.py,3
581,autogpts/test_agent/forge/sdk/middlewares.py,3
582,autogpts/test_agent/forge/sdk/prompting.py,3
583,autogpts/test_agent/forge/sdk/routes/__init__.py,3
584,autogpts/test_agent/forge/sdk/routes/agent_protocol.py,3
585,autogpts/test_agent/forge/sdk/schema.py,3
586,autogpts/test_agent/forge/sdk/workspace.py,3
587,autogpts/test_agent/forge/sdk/workspace_test.py,3
588,autogpts/test_agent/mypy.ini,3
589,autogpts/test_agent/run,3
590,autogpts/test_agent/run_benchmark,3
591,autogpts/test_agent/setup,3
592,.dockerignore,2
593,.github/FUNDING.yml,2
594,.github/workflows/{autogpt-ci.yml => ci.yml},2
595,.../{autogpt-docker-cache-clean.yml => docker-cache-clean.yml},2
596,.github/workflows/{autogpt-docker-ci.yml => docker-ci.yml},2
597,.../{autogpt-docker-release.yml => docker-release.yml},2
598,.github/workflows/documentation-release.yml,2
599,autogpts/autogpt/.isort.cfg => .isort.cfg,2
600,.../autogpt/.pre-commit-config.yaml => .pre-commit-config.yaml,2
601,autogpts/autogpt/.sourcery.yaml => .sourcery.yaml,2
602,{autogpts/autogpt/autogpt => autogpt}/__init__.py,2
603,{autogpts/autogpt/autogpt => autogpt}/__main__.py,2
604,{autogpts/autogpt/autogpt => autogpt}/agents/__init__.py,2
605,autogpt/agents/agent.py,2
606,autogpt/agents/base.py,2
607,{autogpts/autogpt/autogpt => autogpt}/app/cli.py,2
608,{autogpts/autogpt/autogpt => autogpt}/app/configurator.py,2
609,{autogpts/autogpt/autogpt => autogpt}/app/main.py,2
610,{autogpts/autogpt/autogpt => autogpt}/app/setup.py,2
611,{autogpts/autogpt/autogpt => autogpt}/app/spinner.py,2
612,{autogpts/autogpt/autogpt => autogpt}/app/utils.py,2
613,{autogpts/autogpt/autogpt => autogpt}/commands/__init__.py,2
614,{autogpts/autogpt/autogpt => autogpt}/commands/decorators.py,2
615,{autogpts/autogpt/autogpt => autogpt}/commands/execute_code.py,2
616,.../autogpt/autogpt => autogpt}/commands/file_operations.py,2
617,.../autogpt => autogpt}/commands/file_operations_utils.py,2
618,.../autogpt/autogpt => autogpt}/commands/git_operations.py,2
619,{autogpts/autogpt/autogpt => autogpt}/commands/image_gen.py,2
620,{autogpts/autogpt/autogpt => autogpt}/commands/times.py,2
621,{autogpts/autogpt/autogpt => autogpt}/commands/web_search.py,2
622,{autogpts/autogpt/autogpt => autogpt}/commands/web_selenium.py,2
623,{autogpts/autogpt/autogpt => autogpt}/config/__init__.py,2
624,{autogpts/autogpt/autogpt => autogpt}/config/config.py,2
625,autogpt/core/ability/__init__.py,2
626,{autogpts/autogpt/autogpt => autogpt}/core/ability/base.py,2
627,.../autogpt => autogpt}/core/ability/builtins/__init__.py,2
628,autogpt/core/ability/builtins/create_new_ability.py,2
629,.../core/ability/builtins/file_operations.py,2
630,.../core/ability/builtins/query_language_model.py,2
631,{autogpts/autogpt/autogpt => autogpt}/core/ability/schema.py,2
632,{autogpts/autogpt/autogpt => autogpt}/core/ability/simple.py,2
633,{autogpts/autogpt/autogpt => autogpt}/core/agent/__init__.py,2
634,{autogpts/autogpt/autogpt => autogpt}/core/agent/base.py,2
635,{autogpts/autogpt/autogpt => autogpt}/core/agent/simple.py,2
636,.../autogpt/autogpt => autogpt}/core/configuration/__init__.py,2
637,.../autogpt/autogpt => autogpt}/core/configuration/schema.py,2
638,{autogpts/autogpt/autogpt => autogpt}/core/memory/__init__.py,2
639,{autogpts/autogpt/autogpt => autogpt}/core/memory/base.py,2
640,{autogpts/autogpt/autogpt => autogpt}/core/memory/simple.py,2
641,autogpt/core/planning/__init__.py,2
642,{autogpts/autogpt/autogpt => autogpt}/core/planning/base.py,2
643,autogpt/core/planning/schema.py,2
644,{autogpts/autogpt/autogpt => autogpt}/core/planning/simple.py,2
645,autogpt/core/planning/strategies/__init__.py,2
646,.../core/planning/strategies}/initial_plan.py,2
647,autogpt/core/planning/strategies/name_and_goals.py,2
648,.../core/planning/strategies}/next_ability.py,2
649,.../prompting => autogpt/core/planning/strategies}/utils.py,2
650,.../autogpt/autogpt => autogpt}/core/planning/templates.py,2
651,{autogpts/autogpt/autogpt => autogpt}/core/plugin/__init__.py,2
652,{autogpts/autogpt/autogpt => autogpt}/core/plugin/base.py,2
653,{autogpts/autogpt/autogpt => autogpt}/core/plugin/simple.py,2
654,.../autogpt/autogpt => autogpt}/core/resource/__init__.py,2
655,autogpt/core/resource/model_providers/__init__.py,2
656,.../core/resource/model_providers/openai.py,2
657,autogpt/core/resource/model_providers/schema.py,2
658,{autogpts/autogpt/autogpt => autogpt}/core/resource/schema.py,2
659,{autogpts/autogpt/autogpt => autogpt}/core/runner/__init__.py,2
660,.../autogpt/autogpt => autogpt}/core/runner/cli_app/cli.py,2
661,.../autogpt/autogpt => autogpt}/core/runner/cli_app/main.py,2
662,.../autogpt/autogpt => autogpt}/core/runner/cli_web_app/cli.py,2
663,.../core/runner/cli_web_app/server}/__init__.py,2
664,.../autogpt => autogpt}/core/runner/cli_web_app/server/api.py,2
665,.../__init__.py => autogpt/core/runner/client_lib/logging.py,2
666,.../autogpt => autogpt}/core/runner/client_lib/parser.py,2
667,.../autogpt => autogpt}/core/runner/client_lib/settings.py,2
668,.../core/runner/client_lib/shared_click_commands.py,2
669,.../autogpt => autogpt}/core/runner/client_lib/utils.py,2
670,.../autogpt/autogpt => autogpt}/core/workspace/__init__.py,2
671,{autogpts/autogpt/autogpt => autogpt}/core/workspace/base.py,2
672,{autogpts/autogpt/autogpt => autogpt}/core/workspace/simple.py,2
673,autogpt/json_utils/utilities.py,2
674,autogpt/llm/__init__.py,2
675,{autogpts/autogpt/autogpt => autogpt}/llm/api_manager.py,2
676,autogpt/llm/base.py,2
677,autogpt/llm/providers/openai.py,2
678,autogpt/llm/utils/__init__.py,2
679,autogpt/llm/utils/token_counter.py,2
680,{autogpts/autogpt/autogpt => autogpt}/logs/__init__.py,2
681,autogpt/logs/formatters.py,2
682,{autogpts/autogpt/autogpt => autogpt}/logs/log_cycle.py,2
683,autogpt/memory/message_history.py,2
684,.../autogpt/autogpt => autogpt}/memory/vector/__init__.py,2
685,.../autogpt/autogpt => autogpt}/memory/vector/memory_item.py,2
686,.../autogpt => autogpt}/memory/vector/providers/__init__.py,2
687,.../autogpt => autogpt}/memory/vector/providers/base.py,2
688,.../autogpt => autogpt}/memory/vector/providers/json_file.py,2
689,.../autogpt => autogpt}/memory/vector/providers/no_memory.py,2
690,{autogpts/autogpt/autogpt => autogpt}/memory/vector/utils.py,2
691,.../autogpt/autogpt => autogpt}/models/base_open_ai_plugin.py,2
692,autogpt/models/command_parameter.py,2
693,.../autogpt/autogpt => autogpt}/models/command_registry.py,2
694,{autogpts/autogpt/autogpt => autogpt}/plugins/__init__.py,2
695,{autogpts/autogpt/autogpt => autogpt}/plugins/plugin_config.py,2
696,.../autogpt/autogpt => autogpt}/plugins/plugins_config.py,2
697,{autogpts/autogpt/autogpt => autogpt}/processing/html.py,2
698,{autogpts/autogpt/autogpt => autogpt}/processing/text.py,2
699,.../autogpt/autogpt => autogpt}/prompts/default_prompts.py,2
700,autogpt/prompts/generator.py,2
701,{autogpts/autogpt/autogpt => autogpt}/singleton.py,2
702,autogpt/speech/__init__.py,2
703,{autogpts/autogpt/autogpt => autogpt}/speech/base.py,2
704,{autogpts/autogpt/autogpt => autogpt}/speech/eleven_labs.py,2
705,{autogpts/autogpt/autogpt => autogpt}/speech/gtts.py,2
706,{autogpts/autogpt/autogpt => autogpt}/speech/macos_tts.py,2
707,autogpt/speech/say.py,2
708,.../autogpt => autogpt}/speech/stream_elements_speech.py,2
709,{autogpts/autogpt/autogpt => autogpt}/url_utils/validators.py,2
710,{autogpts/autogpt/autogpt => autogpt}/utils.py,2
711,{autogpts/autogpt/autogpt => autogpt}/workspace/__init__.py,2
712,{autogpts/autogpt/autogpt => autogpt}/workspace/workspace.py,2
713,autogpts/autogpt/.coveragerc,2
714,autogpts/autogpt/tests/vcr_cassettes,2
715,autogpts/autogpt/azure.yaml.template => azure.yaml.template,2
716,benchmarks.py,2
717,autogpts/autogpt/codecov.yml => codecov.yml,2
718,{autogpts/autogpt/data => data}/.keep,2
719,autogpts/autogpt/data_ingestion.py => data_ingestion.py,2
720,frontend/lib/models/artifact.dart,2
721,frontend/lib/models/test_option.dart,2
722,frontend/lib/viewmodels/task_queue_viewmodel.dart,2
723,{autogpts/autogpt/hooks => hooks}/post-checkout,2
724,{autogpts/autogpt/hooks => hooks}/post-rewrite,2
725,docs/mkdocs.yml => mkdocs.yml,2
726,autogpts/autogpt/mypy.ini => mypy.ini,2
727,docs/netlify.toml => netlify.toml,2
728,autogpts/autogpt/run.bat => run.bat,2
729,autogpts/autogpt/run.sh => run.sh,2
730,autogpts/autogpt/run_continuous.bat => run_continuous.bat,2
731,autogpts/autogpt/run_continuous.sh => run_continuous.sh,2
732,scripts/check_requirements.py,2
733,{autogpts/autogpt/scripts => scripts}/install_plugin_deps.py,2
734,.../forge/prompts/gpt-3.5-turbo/system-format-last.j2,2
735,autogpts/forge/forge/sdk/abilities/web/web_search.py,2
736,autogpts/forge/forge/sdk/abilities/web/web_selenium.py,2
737,autogpts/forge/forge/db.py,2
738,.github/workflows/autogpt-ci.yml,2
739,.github/workflows/autogpt-docker-cache-clean.yml,2
740,.github/workflows/autogpt-docker-ci.yml,2
741,.github/workflows/autogpt-docker-release.yml,2
742,autogpts/autogpt/.isort.cfg,2
743,autogpts/autogpt/.pre-commit-config.yaml,2
744,autogpts/autogpt/.sourcery.yaml,2
745,autogpts/autogpt/autogpt/__init__.py,2
746,autogpts/autogpt/autogpt/__main__.py,2
747,autogpts/autogpt/autogpt/agents/__init__.py,2
748,autogpts/autogpt/autogpt/app/cli.py,2
749,autogpts/autogpt/autogpt/app/configurator.py,2
750,autogpts/autogpt/autogpt/app/setup.py,2
751,autogpts/autogpt/autogpt/app/spinner.py,2
752,autogpts/autogpt/autogpt/app/utils.py,2
753,autogpts/autogpt/autogpt/commands/__init__.py,2
754,autogpts/autogpt/autogpt/commands/decorators.py,2
755,autogpts/autogpt/autogpt/commands/execute_code.py,2
756,autogpts/autogpt/autogpt/commands/file_operations_utils.py,2
757,autogpts/autogpt/autogpt/commands/git_operations.py,2
758,autogpts/autogpt/autogpt/commands/image_gen.py,2
759,autogpts/autogpt/autogpt/commands/times.py,2
760,autogpts/autogpt/autogpt/commands/web_search.py,2
761,autogpts/autogpt/autogpt/config/__init__.py,2
762,autogpts/autogpt/autogpt/core/ability/base.py,2
763,.../autogpt/autogpt/core/ability/builtins/file_operations.py,2
764,autogpts/autogpt/autogpt/core/ability/schema.py,2
765,autogpts/autogpt/autogpt/core/ability/simple.py,2
766,autogpts/autogpt/autogpt/core/agent/base.py,2
767,autogpts/autogpt/autogpt/core/agent/simple.py,2
768,autogpts/autogpt/autogpt/core/configuration/__init__.py,2
769,autogpts/autogpt/autogpt/core/configuration/schema.py,2
770,autogpts/autogpt/autogpt/core/memory/base.py,2
771,autogpts/autogpt/autogpt/core/memory/simple.py,2
772,autogpts/autogpt/autogpt/core/planning/base.py,2
773,.../autogpt/core/planning/prompt_strategies/initial_plan.py,2
774,.../autogpt/core/planning/prompt_strategies/next_ability.py,2
775,autogpts/autogpt/autogpt/core/planning/simple.py,2
776,autogpts/autogpt/autogpt/core/planning/templates.py,2
777,autogpts/autogpt/autogpt/core/plugin/base.py,2
778,autogpts/autogpt/autogpt/core/plugin/simple.py,2
779,autogpts/autogpt/autogpt/core/prompting/utils.py,2
780,autogpts/autogpt/autogpt/core/resource/__init__.py,2
781,.../autogpt/autogpt/core/resource/model_providers/openai.py,2
782,autogpts/autogpt/autogpt/core/resource/schema.py,2
783,autogpts/autogpt/autogpt/core/runner/__init__.py,2
784,autogpts/autogpt/autogpt/core/runner/cli_app/cli.py,2
785,autogpts/autogpt/autogpt/core/runner/cli_app/main.py,2
786,autogpts/autogpt/autogpt/core/runner/cli_web_app/server/api.py,2
787,.../autogpt/autogpt/core/runner/client_lib/logging/__init__.py,2
788,autogpts/autogpt/autogpt/core/runner/client_lib/settings.py,2
789,autogpts/autogpt/autogpt/core/runner/client_lib/utils.py,2
790,autogpts/autogpt/autogpt/core/workspace/base.py,2
791,autogpts/autogpt/autogpt/core/workspace/simple.py,2
792,autogpts/autogpt/autogpt/llm/api_manager.py,2
793,autogpts/autogpt/autogpt/logs/log_cycle.py,2
794,autogpts/autogpt/autogpt/memory/vector/memory_item.py,2
795,autogpts/autogpt/autogpt/memory/vector/providers/__init__.py,2
796,autogpts/autogpt/autogpt/memory/vector/providers/base.py,2
797,autogpts/autogpt/autogpt/memory/vector/providers/json_file.py,2
798,autogpts/autogpt/autogpt/memory/vector/providers/no_memory.py,2
799,autogpts/autogpt/autogpt/memory/vector/utils.py,2
800,autogpts/autogpt/autogpt/models/base_open_ai_plugin.py,2
801,autogpts/autogpt/autogpt/models/command_registry.py,2
802,autogpts/autogpt/autogpt/plugins/plugin_config.py,2
803,autogpts/autogpt/autogpt/plugins/plugins_config.py,2
804,autogpts/autogpt/autogpt/processing/html.py,2
805,autogpts/autogpt/autogpt/prompts/__init__.py,2
806,autogpts/autogpt/autogpt/singleton.py,2
807,autogpts/autogpt/autogpt/speech/macos_tts.py,2
808,autogpts/autogpt/autogpt/speech/stream_elements_speech.py,2
809,autogpts/autogpt/autogpt/url_utils/__init__.py,2
810,autogpts/autogpt/autogpt/utils.py,2
811,autogpts/autogpt/autogpt/workspace/__init__.py,2
812,autogpts/autogpt/azure.yaml.template,2
813,autogpts/autogpt/codecov.yml,2
814,autogpts/autogpt/data_ingestion.py,2
815,autogpts/autogpt/hooks/post-checkout,2
816,autogpts/autogpt/hooks/post-rewrite,2
817,autogpts/autogpt/mypy.ini,2
818,autogpts/autogpt/run.bat,2
819,autogpts/autogpt/run_continuous.bat,2
820,autogpts/autogpt/scripts/__init__.py,2
821,autogpts/autogpt/tests/__init__.py,2
822,docs/_javascript/mathjax.js,2
823,docs/_javascript/tablesort.js,2
824,docs/mkdocs.yml,2
825,docs/netlify.toml,2
826,autogpts/test_agent/forge/db.py,2
827,autogpts/test_agent/forge/sdk/abilities/web/web_search.py,2
828,autogpts/test_agent/forge/sdk/abilities/web/web_selenium.py,2
